{
  "q": 6,
  "n": 9000,
  "district_sizes": [1205, 1517, 1092, 2310, 1493, 1383],
  "seats": [16, 20, 15, 31, 20, 18],
  "threshold": 0.0325,
  "seat_rule": "jefferson",
  "avg_deg": 12,
  "planar_c": 1.1,
  "sample_size": 10000,
  "mc_steps": 40,
  "epsilon": 0.01,
  "mass_media": 0.125,
  "num_parties": 8,
  "therm_time": 1000000,
  "district_coords": [
    [
      31.79592425,
      35.21198076
    ],
    [
      32.7023065,
      35.3183216
    ],
    [
      32.8191218,
      34.9983856
    ],
    [
      31.9279988,
      34.8623473
    ],
    [
      32.0852997,
      34.7818064
    ],
    [
      31.2457442,
      34.7925181
    ]
  ]
}
