{
  "q": 15,
  "n": 9000,
  "district_sizes": [1205, 126, 118, 547, 673, 53, 605, 487, 501, 799, 371, 639, 1493, 581, 802],
  "seats": [16, 2, 2, 7, 9, 1, 8, 6, 7, 10, 5, 8, 20, 8, 11],
  "threshold": 0.0325,
  "seat_rule": "jefferson",
  "avg_deg": 12,
  "planar_c": 100,
  "sample_size": 10000,
  "mc_steps": 40,
  "epsilon": 0.01,
  "mass_media": 0.125,
  "num_parties": 8,
  "therm_time": 1000000,
  "district_coords": [
    [
      31.79592425,
      35.21198076
    ],
    [
      32.9646301,
      35.502451
    ],
    [
      32.7938522,
      35.5328566
    ],
    [
      32.7066301,
      35.3048161
    ],
    [
      32.9281731,
      35.0756378
    ],
    [
      33.2684288,
      35.769371
    ],
    [
      32.8191218,
      34.9983856
    ],
    [
      32.43699,
      34.9198258
    ],
    [
      32.3286181,
      34.8566246
    ],
    [
      32.0877639,
      34.8859985
    ],
    [
      31.9279988,
      34.8623473
    ],
    [
      31.8952532,
      34.8105616
    ],
    [
      32.0852997,
      34.7818064
    ],
    [
      31.6644874,
      34.5730157
    ],
    [
      31.2457442,
      34.7925181
    ]
  ]
}
