{
  "q": 6,
  "n": 9000,
  "district_sizes": [1205, 1517, 1092, 2310, 1493, 1383],
  "seats": [16, 20, 15, 31, 20, 18],
  "threshold": 0.0325,
  "seat_rule": "jefferson",
  "avg_deg": 12,
  "planar_c": 5.1874,
  "sample_size": 1000,
  "mc_steps": 40,
  "epsilon": 0.006,
  "mass_media": 0.125,
  "num_parties": 8,
  "therm_time": 3000000,
  "district_coords": [
    [
      31.79592425,
      35.21198076
    ],
    [
      32.7023065,
      35.3183216
    ],
    [
      32.8191218,
      34.9983856
    ],
    [
      31.9279988,
      34.8623473
    ],
    [
      32.0852997,
      34.7818064
    ],
    [
      31.2457442,
      34.7925181
    ]
  ],
  "alternative_systems": [
    {
      "name": "3-district system",
      "type": "merge",
      "seats": ["add option to merge seats of old districts"],
      "seat_rule": "jefferson",
      "threshold": 0.05,
      "new_districts": [1, 1, 1, 2, 2, 3]
    },
    {
      "name": "5-district system",
      "type": "merge",
      "seats": [],
      "an option for FPTP": [],
      "seat_rule": "jefferson",
      "threshold": 0.05,
      "new_districts": [1, 2, 2, 3, 4, 5]
    }
  ]
}
