{
  "q": 100,
  "n": 50000,
  "district_sizes": [369, 369, 527, 422, 434, 827, 390, 453, 777, 529, 452, 430, 474, 570, 564, 437, 349, 331, 571,
    418, 493, 391, 502, 521, 364, 446, 475, 518, 432, 852, 580, 484, 521, 483, 491, 503, 525, 640, 452, 711, 719,
    545, 635, 553, 581, 508, 430, 323, 316, 618, 519, 330, 457, 455, 621, 579, 454, 718, 616, 655, 274, 583, 556,
    421, 648, 448, 288, 498, 290, 561, 413, 534, 403, 529, 332, 517, 384, 574, 436, 380, 592, 548, 537, 413, 398,
    518, 518, 528, 480, 494, 696, 521, 496, 436, 461, 418, 593, 746, 434, 395],
  "seats": [1],
  "threshold": 0.0,
  "seat_rule": "default",
  "avg_deg": 12,
  "planar_c": 100,
  "sample_size": 10000,
  "mc_steps": 50,
  "epsilon": 0.0005,
  "mass_media": 0.333333333333333333333,
  "num_parties": 3,
  "therm_time": 10000000,
  "district_coords": [
    [
      51.26216915,
      15.55501971
    ],
    [
      50.8501049,
      15.65374924
    ],
    [
      51.2047689,
      16.17467503
    ],
    [
      50.785221,
      16.28464034
    ],
    [
      50.7291725,
      16.65675314
    ],
    [
      51.2102428,
      17.38294699
    ],
    [
      51.1263106,
      16.97819633
    ],
    [
      51.1263106,
      16.97819633
    ],
    [
      53.12974625,
      18.02936966
    ],
    [
      52.7814643,
      18.24630855
    ],
    [
      53.0145361,
      18.59658314
    ],
    [
      53.47251195,
      18.76189368
    ],
    [
      52.6655636,
      19.09612975
    ],
    [
      51.4262598,
      21.9853014
    ],
    [
      51.2164934,
      22.69095582
    ],
    [
      51.2181945,
      22.55467757
    ],
    [
      52.02970065,
      23.14970244
    ],
    [
      51.13558825,
      23.49393695
    ],
    [
      50.721273,
      23.2595887
    ],
    [
      51.9383777,
      15.5050408
    ],
    [
      52.73057555,
      15.21075532
    ],
    [
      51.8033431,
      15.70623805
    ],
    [
      51.7687323,
      19.4569911
    ],
    [
      51.7687323,
      19.4569911
    ],
    [
      52.2220021,
      19.38759506
    ],
    [
      51.6662312,
      19.35925467
    ],
    [
      51.6017529,
      18.73990147
    ],
    [
      51.4128414,
      19.68880133
    ],
    [
      51.5194865,
      20.03375907
    ],
    [
      50.0336707,
      19.26007984
    ],
    [
      50.2788158,
      19.5596307
    ],
    [
      50.0619474,
      19.9368564
    ],
    [
      50.0619474,
      19.9368564
    ],
    [
      49.97468425,
      20.4253292
    ],
    [
      50.0259883,
      20.96405843
    ],
    [
      49.4892092,
      20.0263411
    ],
    [
      49.61030395,
      20.71595521
    ],
    [
      52.5353471,
      19.71363014
    ],
    [
      52.8712044,
      20.60624592
    ],
    [
      52.4048356,
      20.93314657
    ],
    [
      52.17203175,
      20.80112049
    ],
    [
      52.2319581,
      21.0067249
    ],
    [
      52.2319581,
      21.0067249
    ],
    [
      52.2319581,
      21.0067249
    ],
    [
      52.2319581,
      21.0067249
    ],
    [
      53.07803115,
      21.57486823
    ],
    [
      52.17959585,
      21.56945595
    ],
    [
      52.1615938,
      22.2812533
    ],
    [
      51.5849678,
      21.549883
    ],
    [
      51.41716055,
      21.16094478
    ],
    [
      50.4738029,
      17.3324733
    ],
    [
      50.6787929,
      17.92988444
    ],
    [
      50.3448836,
      18.2109594
    ],
    [
      50.5653105,
      22.0644075
    ],
    [
      50.28024735,
      21.46313425
    ],
    [
      50.013064,
      22.01614346
    ],
    [
      49.68898435,
      21.7534788
    ],
    [
      49.78355525,
      22.7885113
    ],
    [
      54.1027125,
      22.93187822
    ],
    [
      53.12750505,
      23.14705087
    ],
    [
      52.764915,
      23.18821066
    ],
    [
      54.46057085,
      17.02773004
    ],
    [
      53.6999165,
      17.57034414
    ],
    [
      54.50383255,
      18.46280616
    ],
    [
      54.36143405,
      18.62821848
    ],
    [
      54.09087615,
      18.77794353
    ],
    [
      54.0287383,
      19.03939639
    ],
    [
      50.5646661,
      19.32486157
    ],
    [
      50.8089997,
      19.12440893
    ],
    [
      50.30113145,
      18.66234723
    ],
    [
      50.31428055,
      18.78157631
    ],
    [
      49.96067945,
      18.59936759
    ],
    [
      50.0955793,
      18.5419933
    ],
    [
      50.270303,
      18.86437565
    ],
    [
      50.114397,
      18.9965933
    ],
    [
      50.3308692,
      19.2078918
    ],
    [
      50.2712295,
      19.21556195
    ],
    [
      49.81207845,
      19.0291988
    ],
    [
      49.7557676,
      18.65623134
    ],
    [
      50.2598987,
      19.0215852
    ],
    [
      51.1910223,
      20.4071836
    ],
    [
      50.95020905,
      21.41150924
    ],
    [
      50.85403585,
      20.60991435
    ],
    [
      54.1988997,
      19.44108569
    ],
    [
      53.59610885,
      19.57610257
    ],
    [
      53.7767239,
      20.47778129
    ],
    [
      53.82395835,
      22.36191587
    ],
    [
      53.1511324,
      16.7380343
    ],
    [
      52.6120328,
      16.5831241
    ],
    [
      52.4103728,
      17.0771038
    ],
    [
      52.4006632,
      16.91973259
    ],
    [
      52.52465015,
      17.59815244
    ],
    [
      52.25590205,
      18.26786621
    ],
    [
      51.8436068,
      16.58042182
    ],
    [
      51.6471864,
      17.8037607
    ],
    [
      51.74736505,
      18.07959009
    ],
    [
      53.4301818,
      14.5509623
    ],
    [
      53.30897745,
      15.03164593
    ],
    [
      54.17621155,
      15.5764037
    ],
    [
      54.20727105,
      16.21753077
    ]
  ]
}
